time [s],x [m],y [m],speed [m/s],acceleration [m/s²]
0,0.51886,0.35,0,0
0.0252525,0.51886,0.35,1.52015e-05,0.00119988
0.0505051,0.518861,0.35,6.03938e-05,0.00237527
0.0757576,0.518863,0.35,0.000134958,0.00352617
0.10101,0.518867,0.35,0.000238277,0.00465259
0.126263,0.518873,0.35,0.000369731,0.00575451
0.151515,0.518882,0.35,0.000528703,0.00683196
0.176768,0.518894,0.35,0.000714574,0.00788491
0.20202,0.518909,0.35,0.000926725,0.00891338
0.227273,0.518929,0.35,0.00116454,0.00991736
0.252525,0.518953,0.35,0.0014274,0.0108968
0.277778,0.518981,0.35,0.00171468,0.0118519
0.30303,0.519015,0.35,0.00202577,0.0127824
0.328283,0.519054,0.35,0.00236005,0.0136884
0.353535,0.5191,0.35,0.00271689,0.0145699
0.378788,0.519151,0.35,0.0030957,0.015427
0.40404,0.519209,0.35,0.00349583,0.0162596
0.429293,0.519275,0.35,0.00391668,0.0170676
0.454545,0.519347,0.35,0.00435763,0.0178512
0.479798,0.519428,0.35,0.00481805,0.0186103
0.505051,0.519516,0.35,0.00529734,0.019345
0.530303,0.519613,0.35,0.00579486,0.0200551
0.555556,0.519718,0.35,0.00631001,0.0207407
0.580808,0.519832,0.35,0.00684217,0.0214019
0.606061,0.519955,0.35,0.00739071,0.0220386
0.631313,0.520088,0.35,0.00795502,0.0226507
0.656566,0.52023,0.35,0.00853448,0.0232384
0.681818,0.520382,0.35,0.00912847,0.0238017
0.707071,0.520544,0.35,0.00973638,0.0243404
0.732323,0.520717,0.35,0.0103576,0.0248546
0.757576,0.5209,0.35,0.0109915,0.0253444
0.782828,0.521094,0.35,0.0116374,0.0258096
0.808081,0.521299,0.35,0.0122948,0.0262504
0.833333,0.521515,0.35,0.012963,0.0266667
0.858586,0.521742,0.35,0.0136414,0.0270585
0.883838,0.521981,0.35,0.0143293,0.0274258
0.909091,0.522232,0.35,0.0150263,0.0277686
0.934343,0.522494,0.35,0.0157316,0.0280869
0.959596,0.522768,0.35,0.0164446,0.0283808
0.984848,0.523054,0.35,0.0171648,0.0286501
1.0101,0.523352,0.35,0.0178914,0.028895
1.03535,0.523662,0.35,0.0186239,0.0291154
1.06061,0.523985,0.35,0.0193617,0.0293113
1.08586,0.52432,0.35,0.0201041,0.0294827
1.11111,0.524668,0.35,0.0208505,0.0296296
1.13636,0.525028,0.35,0.0216003,0.0297521
1.16162,0.5254,0.35,0.0223529,0.02985
1.18687,0.525785,0.35,0.0231077,0.0299235
1.21212,0.526183,0.35,0.023864,0.0299725
1.23737,0.526593,0.35,0.0246212,0.0299969
1.26263,0.527016,0.35,0.0253788,0.0299969
1.28788,0.527452,0.35,0.026136,0.0299725
1.31313,0.5279,0.35,0.0268923,0.0299235
1.33838,0.528361,0.35,0.0276471,0.02985
1.36364,0.528834,0.35,0.0283997,0.0297521
1.38889,0.52932,0.35,0.0291495,0.0296296
1.41414,0.529818,0.35,0.0298959,0.0294827
1.43939,0.530329,0.35,0.0306383,0.0293113
1.46465,0.530852,0.35,0.0313761,0.0291154
1.4899,0.531387,0.35,0.0321086,0.028895
1.51515,0.531934,0.35,0.0328352,0.0286501
1.5404,0.532494,0.35,0.0335554,0.0283808
1.56566,0.533065,0.35,0.0342684,0.0280869
1.59091,0.533648,0.35,0.0349737,0.0277686
1.61616,0.534242,0.35,0.0356707,0.0274258
1.64141,0.534848,0.35,0.0363586,0.0270585
1.66667,0.535466,0.35,0.037037,0.0266667
1.69192,0.536094,0.35,0.0377052,0.0262504
1.71717,0.536733,0.35,0.0383626,0.0258096
1.74242,0.537383,0.35,0.0390085,0.0253444
1.76768,0.538044,0.35,0.0396424,0.0248546
1.79293,0.538715,0.35,0.0402636,0.0243404
1.81818,0.539396,0.35,0.0408715,0.0238017
1.84343,0.540088,0.35,0.0414655,0.0232384
1.86869,0.540788,0.35,0.042045,0.0226507
1.89394,0.541498,0.35,0.0426093,0.0220386
1.91919,0.542218,0.35,0.0431578,0.0214019
1.94444,0.542946,0.35,0.04369,0.0207407
1.9697,0.543683,0.35,0.0442051,0.0200551
1.99495,0.544428,0.35,0.0447027,0.019345
2.0202,0.545181,0.35,0.0451819,0.0186103
2.04545,0.545941,0.35,0.0456424,0.0178512
2.07071,0.546709,0.35,0.0460833,0.0170676
2.09596,0.547485,0.35,0.0465042,0.0162596
2.12121,0.548266,0.35,0.0469043,0.015427
2.14646,0.549054,0.35,0.0472831,0.0145699
2.17172,0.549848,0.35,0.04764,0.0136884
2.19697,0.550648,0.35,0.0479742,0.0127824
2.22222,0.551453,0.35,0.0482853,0.0118519
2.24747,0.552262,0.35,0.0485726,0.0108968
2.27273,0.553076,0.35,0.0488355,0.00991736
2.29798,0.553894,0.35,0.0490733,0.00891338
2.32323,0.554715,0.35,0.0492854,0.00788491
2.34848,0.55554,0.35,0.0494713,0.00683196
2.37374,0.556367,0.35,0.0496303,0.00575451
2.39899,0.557196,0.35,0.0497617,0.00465259
2.42424,0.558028,0.35,0.049865,0.00352617
2.44949,0.55886,0.35,0.0499396,0.00237527
2.47475,0.559693,0.35,0.0499848,0.00119988
2.5,0.560526,0.35,0.05,0
2.5,0.560526,0.35,0.05,0
2.57656,0.564354,0.35,0.05,0
2.65311,0.568182,0.35,0.05,0
2.72967,0.57201,0.35,0.05,0
2.80622,0.575837,0.35,0.05,0
2.88278,0.579665,0.35,0.05,0
2.95933,0.583493,0.35,0.05,0
3.03589,0.587321,0.35,0.05,0
3.11244,0.591148,0.35,0.05,0
3.189,0.594976,0.35,0.05,0
3.26555,0.598804,0.35,0.05,0
3.34211,0.602632,0.35,0.05,0
3.41866,0.606459,0.35,0.05,0
3.49522,0.610287,0.35,0.05,0
3.57177,0.614115,0.35,0.05,0
3.64833,0.617943,0.35,0.05,0
3.72488,0.62177,0.35,0.05,0
3.80144,0.625598,0.35,0.05,0
3.87799,0.629426,0.35,0.05,0
3.95455,0.633254,0.35,0.05,0
4.0311,0.637081,0.35,0.05,0
4.10766,0.640909,0.35,0.05,0
4.18421,0.644737,0.35,0.05,0
4.26077,0.648565,0.35,0.05,0
4.33732,0.652392,0.35,0.05,0
4.41388,0.65622,0.35,0.05,0
4.49043,0.660048,0.35,0.05,0
4.56699,0.663876,0.35,0.05,0
4.64354,0.667703,0.35,0.05,0
4.7201,0.671531,0.35,0.05,0
4.79665,0.675359,0.35,0.05,0
4.87321,0.679187,0.35,0.05,0
4.94976,0.683014,0.35,0.05,0
5.02632,0.686842,0.35,0.05,0
5.10287,0.69067,0.35,0.05,0
5.17943,0.694498,0.35,0.05,0
5.25598,0.698325,0.35,0.05,0
5.33254,0.702153,0.35,0.05,0
5.40909,0.705981,0.35,0.05,0
5.48565,0.709809,0.35,0.05,0
5.5622,0.713636,0.35,0.05,0
5.63876,0.717464,0.35,0.05,0
5.71531,0.721292,0.35,0.05,0
5.79187,0.72512,0.35,0.05,0
5.86842,0.728947,0.35,0.05,0
5.94498,0.732775,0.35,0.05,0
6.02153,0.736603,0.35,0.05,0
6.09809,0.740431,0.35,0.05,0
6.17464,0.744258,0.35,0.05,0
6.2512,0.748086,0.35,0.05,0
6.32775,0.751914,0.35,0.05,0
6.40431,0.755742,0.35,0.05,0
6.48086,0.759569,0.35,0.05,0
6.55742,0.763397,0.35,0.05,0
6.63397,0.767225,0.35,0.05,0
6.71053,0.771053,0.35,0.05,0
6.78708,0.77488,0.35,0.05,0
6.86364,0.778708,0.35,0.05,0
6.94019,0.782536,0.35,0.05,0
7.01675,0.786364,0.35,0.05,0
7.0933,0.790191,0.35,0.05,0
7.16986,0.794019,0.35,0.05,0
7.24641,0.797847,0.35,0.05,0
7.32297,0.801675,0.35,0.05,0
7.39952,0.805502,0.35,0.05,0
7.47608,0.80933,0.35,0.05,0
7.55263,0.813158,0.35,0.05,0
7.62919,0.816986,0.35,0.05,0
7.70574,0.820813,0.35,0.05,0
7.7823,0.824641,0.35,0.05,0
7.85885,0.828469,0.35,0.05,0
7.93541,0.832297,0.35,0.05,0
8.01196,0.836124,0.35,0.05,0
8.08852,0.839952,0.35,0.05,0
8.16507,0.84378,0.35,0.05,0
8.24163,0.847608,0.35,0.05,0
8.31818,0.851435,0.35,0.05,0
8.39474,0.855263,0.35,0.05,0
8.47129,0.859091,0.35,0.05,0
8.54785,0.862919,0.35,0.05,0
8.6244,0.866746,0.35,0.05,0
8.70096,0.870574,0.35,0.05,0
8.77751,0.874402,0.35,0.05,0
8.85407,0.87823,0.35,0.05,0
8.93062,0.882057,0.35,0.05,0
9.00718,0.885885,0.35,0.05,0
9.08373,0.889713,0.35,0.05,0
9.16029,0.893541,0.35,0.05,0
9.23684,0.897368,0.35,0.05,0
9.3134,0.901196,0.35,0.05,0
9.38995,0.905024,0.35,0.05,0
9.46651,0.908852,0.35,0.05,0
9.54306,0.912679,0.35,0.05,0
9.61962,0.916507,0.35,0.05,0
9.69617,0.920335,0.35,0.05,0
9.77273,0.924163,0.35,0.05,0
9.84928,0.92799,0.35,0.05,0
9.92584,0.931818,0.35,0.05,0
10.0024,0.935646,0.35,0.05,0
10.0789,0.939474,0.35,0.05,0
10.0789,0.940307,0.35,0.05,-0
10.1042,0.94114,0.35,0.0499848,-0.00119988
10.1295,0.941972,0.35,0.0499396,-0.00237527
10.1547,0.942804,0.35,0.049865,-0.00352617
10.18,0.943633,0.35,0.0497617,-0.00465259
10.2052,0.94446,0.35,0.0496303,-0.00575451
10.2305,0.945285,0.35,0.0494713,-0.00683196
10.2557,0.946106,0.35,0.0492854,-0.00788491
10.281,0.946924,0.35,0.0490733,-0.00891338
10.3062,0.947738,0.35,0.0488355,-0.00991736
10.3315,0.948547,0.35,0.0485726,-0.0108968
10.3567,0.949352,0.35,0.0482853,-0.0118519
10.382,0.950152,0.35,0.0479742,-0.0127824
10.4072,0.950946,0.35,0.04764,-0.0136884
10.4325,0.951734,0.35,0.0472831,-0.0145699
10.4577,0.952515,0.35,0.0469043,-0.015427
10.483,0.953291,0.35,0.0465042,-0.0162596
10.5082,0.954059,0.35,0.0460833,-0.0170676
10.5335,0.954819,0.35,0.0456424,-0.0178512
10.5587,0.955572,0.35,0.0451819,-0.0186103
10.584,0.956317,0.35,0.0447027,-0.019345
10.6093,0.957054,0.35,0.0442051,-0.0200551
10.6345,0.957782,0.35,0.04369,-0.0207407
10.6598,0.958502,0.35,0.0431578,-0.0214019
10.685,0.959212,0.35,0.0426093,-0.0220386
10.7103,0.959912,0.35,0.042045,-0.0226507
10.7355,0.960604,0.35,0.0414655,-0.0232384
10.7608,0.961285,0.35,0.0408715,-0.0238017
10.786,0.961956,0.35,0.0402636,-0.0243404
10.8113,0.962617,0.35,0.0396424,-0.0248546
10.8365,0.963267,0.35,0.0390085,-0.0253444
10.8618,0.963906,0.35,0.0383626,-0.0258096
10.887,0.964534,0.35,0.0377052,-0.0262504
10.9123,0.965152,0.35,0.037037,-0.0266667
10.9375,0.965758,0.35,0.0363586,-0.0270585
10.9628,0.966352,0.35,0.0356707,-0.0274258
10.988,0.966935,0.35,0.0349737,-0.0277686
11.0133,0.967506,0.35,0.0342684,-0.0280869
11.0385,0.968066,0.35,0.0335554,-0.0283808
11.0638,0.968613,0.35,0.0328352,-0.0286501
11.089,0.969148,0.35,0.0321086,-0.028895
11.1143,0.969671,0.35,0.0313761,-0.0291154
11.1396,0.970182,0.35,0.0306383,-0.0293113
11.1648,0.97068,0.35,0.0298959,-0.0294827
11.1901,0.971166,0.35,0.0291495,-0.0296296
11.2153,0.971639,0.35,0.0283997,-0.0297521
11.2406,0.9721,0.35,0.0276471,-0.02985
11.2658,0.972548,0.35,0.0268923,-0.0299235
11.2911,0.972984,0.35,0.026136,-0.0299725
11.3163,0.973407,0.35,0.0253788,-0.0299969
11.3416,0.973817,0.35,0.0246212,-0.0299969
11.3668,0.974215,0.35,0.023864,-0.0299725
11.3921,0.9746,0.35,0.0231077,-0.0299235
11.4173,0.974972,0.35,0.0223529,-0.02985
11.4426,0.975332,0.35,0.0216003,-0.0297521
11.4678,0.97568,0.35,0.0208505,-0.0296296
11.4931,0.976015,0.35,0.0201041,-0.0294827
11.5183,0.976338,0.35,0.0193617,-0.0293113
11.5436,0.976648,0.35,0.0186239,-0.0291154
11.5688,0.976946,0.35,0.0178914,-0.028895
11.5941,0.977232,0.35,0.0171648,-0.0286501
11.6194,0.977506,0.35,0.0164446,-0.0283808
11.6446,0.977768,0.35,0.0157316,-0.0280869
11.6699,0.978019,0.35,0.0150263,-0.0277686
11.6951,0.978258,0.35,0.0143293,-0.0274258
11.7204,0.978485,0.35,0.0136414,-0.0270585
11.7456,0.978701,0.35,0.012963,-0.0266667
11.7709,0.978906,0.35,0.0122948,-0.0262504
11.7961,0.9791,0.35,0.0116374,-0.0258096
11.8214,0.979283,0.35,0.0109915,-0.0253444
11.8466,0.979456,0.35,0.0103576,-0.0248546
11.8719,0.979618,0.35,0.00973638,-0.0243404
11.8971,0.97977,0.35,0.00912847,-0.0238017
11.9224,0.979912,0.35,0.00853448,-0.0232384
11.9476,0.980045,0.35,0.00795502,-0.0226507
11.9729,0.980168,0.35,0.00739071,-0.0220386
11.9981,0.980282,0.35,0.00684217,-0.0214019
12.0234,0.980387,0.35,0.00631001,-0.0207407
12.0486,0.980484,0.35,0.00579486,-0.0200551
12.0739,0.980572,0.35,0.00529734,-0.019345
12.0991,0.980653,0.35,0.00481805,-0.0186103
12.1244,0.980725,0.35,0.00435763,-0.0178512
12.1497,0.980791,0.35,0.00391668,-0.0170676
12.1749,0.980849,0.35,0.00349583,-0.0162596
12.2002,0.9809,0.35,0.0030957,-0.015427
12.2254,0.980946,0.35,0.00271689,-0.0145699
12.2507,0.980985,0.35,0.00236005,-0.0136884
12.2759,0.981019,0.35,0.00202577,-0.0127824
12.3012,0.981047,0.35,0.00171468,-0.0118519
12.3264,0.981071,0.35,0.0014274,-0.0108968
12.3517,0.981091,0.35,0.00116454,-0.00991736
12.3769,0.981106,0.35,0.000926725,-0.00891338
12.4022,0.981118,0.35,0.000714574,-0.00788491
12.4274,0.981127,0.35,0.000528703,-0.00683196
12.4527,0.981133,0.35,0.000369731,-0.00575451
12.4779,0.981137,0.35,0.000238277,-0.00465259
12.5032,0.981139,0.35,0.000134958,-0.00352617
12.5284,0.98114,0.35,6.03938e-05,-0.00237527
12.5537,0.98114,0.35,1.52015e-05,-0.00119988
12.5789,0.98114,0.35,0,-0
12.5789,0.98114,0.35,0,0
12.6233,0.98114,0.349999,6.83708e-05,0.00305436
12.6676,0.98114,0.349992,0.000267931,0.00592172
12.7119,0.98114,0.349973,0.000590478,0.00860593
12.7562,0.98114,0.349938,0.00102798,0.0111108
12.8005,0.98114,0.349881,0.00157259,0.0134403
12.8448,0.98114,0.349797,0.0022166,0.0155982
12.8891,0.98114,0.349683,0.0029525,0.0175884
12.9334,0.98114,0.349534,0.00377295,0.0194147
12.9778,0.98114,0.349347,0.00467077,0.0210811
13.0221,0.98114,0.349119,0.00563896,0.0225912
13.0664,0.98114,0.348847,0.00667067,0.0239491
13.1107,0.98114,0.348527,0.00775925,0.0251585
13.155,0.98114,0.348158,0.0088982,0.0262233
13.1993,0.98114,0.347738,0.0100812,0.0271474
13.2436,0.98114,0.347264,0.0113021,0.0279346
13.2879,0.98114,0.346736,0.0125549,0.0285887
13.3323,0.98114,0.346151,0.0138339,0.0291138
13.3766,0.98114,0.345509,0.0151333,0.0295135
13.4209,0.98114,0.34481,0.0164477,0.0297917
13.4652,0.98114,0.344052,0.0177719,0.0299524
13.5095,0.98114,0.343235,0.0191006,0.0299993
13.5538,0.98114,0.342359,0.0204289,0.0299363
13.5981,0.98114,0.341424,0.0217521,0.0297673
13.6424,0.98114,0.340431,0.0230655,0.0294961
13.6868,0.98114,0.33938,0.0243648,0.0291266
13.7311,0.98114,0.338272,0.0256455,0.0286627
13.7754,0.98114,0.337108,0.0269037,0.0281081
13.8197,0.98114,0.335888,0.0281353,0.0274667
13.864,0.98114,0.334615,0.0293367,0.0267425
13.9083,0.98114,0.333289,0.0305042,0.0259392
13.9526,0.98114,0.331912,0.0316344,0.0250608
13.9969,0.98114,0.330486,0.0327241,0.024111
14.0413,0.98114,0.329012,0.0337703,0.0230937
14.0856,0.98114,0.327494,0.0347699,0.0220128
14.1299,0.98114,0.325932,0.0357203,0.0208722
14.1742,0.98114,0.324329,0.0366189,0.0196757
14.2185,0.98114,0.322687,0.0374633,0.018427
14.2628,0.98114,0.321009,0.0382513,0.0171302
14.3071,0.98114,0.319298,0.0389808,0.0157891
14.3514,0.98114,0.317555,0.03965,0.0144075
14.3958,0.98114,0.315785,0.0402571,0.0129892
14.4401,0.98114,0.313989,0.0408006,0.0115382
14.4844,0.98114,0.31217,0.0412792,0.0100582
14.5287,0.98114,0.310331,0.0416917,0.00855323
14.573,0.98114,0.308476,0.042037,0.00702702
14.6173,0.98114,0.306607,0.0423142,0.00548345
14.6616,0.98114,0.304727,0.0425227,0.00392639
14.7059,0.98114,0.302839,0.042662,0.00235969
14.7503,0.98114,0.300947,0.0427318,0.000787206
14.7946,0.98114,0.299053,0.0427318,-0.000787206
14.8389,0.98114,0.297161,0.042662,-0.00235969
14.8832,0.98114,0.295273,0.0425227,-0.00392639
14.9275,0.98114,0.293393,0.0423142,-0.00548345
14.9718,0.98114,0.291524,0.042037,-0.00702702
15.0161,0.98114,0.289669,0.0416917,-0.00855323
15.0604,0.98114,0.28783,0.0412792,-0.0100582
15.1048,0.98114,0.286011,0.0408006,-0.0115382
15.1491,0.98114,0.284215,0.0402571,-0.0129892
15.1934,0.98114,0.282445,0.03965,-0.0144075
15.2377,0.98114,0.280702,0.0389808,-0.0157891
15.282,0.98114,0.278991,0.0382513,-0.0171302
15.3263,0.98114,0.277313,0.0374633,-0.018427
15.3706,0.98114,0.275671,0.0366189,-0.0196757
15.4149,0.98114,0.274068,0.0357203,-0.0208722
15.4593,0.98114,0.272506,0.0347699,-0.0220128
15.5036,0.98114,0.270988,0.0337703,-0.0230937
15.5479,0.98114,0.269514,0.0327241,-0.024111
15.5922,0.98114,0.268088,0.0316344,-0.0250608
15.6365,0.98114,0.266711,0.0305042,-0.0259392
15.6808,0.98114,0.265385,0.0293367,-0.0267425
15.7251,0.98114,0.264112,0.0281353,-0.0274667
15.7694,0.98114,0.262892,0.0269037,-0.0281081
15.8138,0.98114,0.261728,0.0256455,-0.0286627
15.8581,0.98114,0.26062,0.0243648,-0.0291266
15.9024,0.98114,0.259569,0.0230655,-0.0294961
15.9467,0.98114,0.258576,0.0217521,-0.0297673
15.991,0.98114,0.257641,0.0204289,-0.0299363
16.0353,0.98114,0.256765,0.0191006,-0.0299993
16.0796,0.98114,0.255948,0.0177719,-0.0299524
16.1239,0.98114,0.25519,0.0164477,-0.0297917
16.1683,0.98114,0.254491,0.0151333,-0.0295135
16.2126,0.98114,0.253849,0.0138339,-0.0291138
16.2569,0.98114,0.253264,0.0125549,-0.0285887
16.3012,0.98114,0.252736,0.0113021,-0.0279346
16.3455,0.98114,0.252262,0.0100812,-0.0271474
16.3898,0.98114,0.251842,0.0088982,-0.0262233
16.4341,0.98114,0.251473,0.00775925,-0.0251585
16.4784,0.98114,0.251153,0.00667067,-0.0239491
16.5228,0.98114,0.250881,0.00563896,-0.0225912
16.5671,0.98114,0.250653,0.00467077,-0.0210811
16.6114,0.98114,0.250466,0.00377295,-0.0194147
16.6557,0.98114,0.250317,0.0029525,-0.0175884
16.7,0.98114,0.250203,0.0022166,-0.0155982
16.7443,0.98114,0.250119,0.00157259,-0.0134403
16.7886,0.98114,0.250062,0.00102798,-0.0111108
16.8329,0.98114,0.250027,0.000590478,-0.00860593
16.8773,0.98114,0.250008,0.000267931,-0.00592172
16.9216,0.98114,0.250001,6.83708e-05,-0.00305436
16.9659,0.98114,0.25,0,0
16.9659,0.98114,0.25,0,0
16.9911,0.98114,0.25,1.52015e-05,0.00119988
17.0164,0.981139,0.25,6.03938e-05,0.00237527
17.0416,0.981137,0.25,0.000134958,0.00352617
17.0669,0.981133,0.25,0.000238277,0.00465259
17.0921,0.981127,0.25,0.000369731,0.00575451
17.1174,0.981118,0.25,0.000528703,0.00683196
17.1427,0.981106,0.25,0.000714574,0.00788491
17.1679,0.981091,0.25,0.000926725,0.00891338
17.1932,0.981071,0.25,0.00116454,0.00991736
17.2184,0.981047,0.25,0.0014274,0.0108968
17.2437,0.981019,0.25,0.00171468,0.0118519
17.2689,0.980985,0.25,0.00202577,0.0127824
17.2942,0.980946,0.25,0.00236005,0.0136884
17.3194,0.9809,0.25,0.00271689,0.0145699
17.3447,0.980849,0.25,0.0030957,0.015427
17.3699,0.980791,0.25,0.00349583,0.0162596
17.3952,0.980725,0.25,0.00391668,0.0170676
17.4204,0.980653,0.25,0.00435763,0.0178512
17.4457,0.980572,0.25,0.00481805,0.0186103
17.4709,0.980484,0.25,0.00529734,0.019345
17.4962,0.980387,0.25,0.00579486,0.0200551
17.5214,0.980282,0.25,0.00631001,0.0207407
17.5467,0.980168,0.25,0.00684217,0.0214019
17.5719,0.980045,0.25,0.00739071,0.0220386
17.5972,0.979912,0.25,0.00795502,0.0226507
17.6225,0.97977,0.25,0.00853448,0.0232384
17.6477,0.979618,0.25,0.00912847,0.0238017
17.673,0.979456,0.25,0.00973638,0.0243404
17.6982,0.979283,0.25,0.0103576,0.0248546
17.7235,0.9791,0.25,0.0109915,0.0253444
17.7487,0.978906,0.25,0.0116374,0.0258096
17.774,0.978701,0.25,0.0122948,0.0262504
17.7992,0.978485,0.25,0.012963,0.0266667
17.8245,0.978258,0.25,0.0136414,0.0270585
17.8497,0.978019,0.25,0.0143293,0.0274258
17.875,0.977768,0.25,0.0150263,0.0277686
17.9002,0.977506,0.25,0.0157316,0.0280869
17.9255,0.977232,0.25,0.0164446,0.0283808
17.9507,0.976946,0.25,0.0171648,0.0286501
17.976,0.976648,0.25,0.0178914,0.028895
18.0012,0.976338,0.25,0.0186239,0.0291154
18.0265,0.976015,0.25,0.0193617,0.0293113
18.0517,0.97568,0.25,0.0201041,0.0294827
18.077,0.975332,0.25,0.0208505,0.0296296
18.1023,0.974972,0.25,0.0216003,0.0297521
18.1275,0.9746,0.25,0.0223529,0.02985
18.1528,0.974215,0.25,0.0231077,0.0299235
18.178,0.973817,0.25,0.023864,0.0299725
18.2033,0.973407,0.25,0.0246212,0.0299969
18.2285,0.972984,0.25,0.0253788,0.0299969
18.2538,0.972548,0.25,0.026136,0.0299725
18.279,0.9721,0.25,0.0268923,0.0299235
18.3043,0.971639,0.25,0.0276471,0.02985
18.3295,0.971166,0.25,0.0283997,0.0297521
18.3548,0.97068,0.25,0.0291495,0.0296296
18.38,0.970182,0.25,0.0298959,0.0294827
18.4053,0.969671,0.25,0.0306383,0.0293113
18.4305,0.969148,0.25,0.0313761,0.0291154
18.4558,0.968613,0.25,0.0321086,0.028895
18.481,0.968066,0.25,0.0328352,0.0286501
18.5063,0.967506,0.25,0.0335554,0.0283808
18.5315,0.966935,0.25,0.0342684,0.0280869
18.5568,0.966352,0.25,0.0349737,0.0277686
18.582,0.965758,0.25,0.0356707,0.0274258
18.6073,0.965152,0.25,0.0363586,0.0270585
18.6326,0.964534,0.25,0.037037,0.0266667
18.6578,0.963906,0.25,0.0377052,0.0262504
18.6831,0.963267,0.25,0.0383626,0.0258096
18.7083,0.962617,0.25,0.0390085,0.0253444
18.7336,0.961956,0.25,0.0396424,0.0248546
18.7588,0.961285,0.25,0.0402636,0.0243404
18.7841,0.960604,0.25,0.0408715,0.0238017
18.8093,0.959912,0.25,0.0414655,0.0232384
18.8346,0.959212,0.25,0.042045,0.0226507
18.8598,0.958502,0.25,0.0426093,0.0220386
18.8851,0.957782,0.25,0.0431578,0.0214019
18.9103,0.957054,0.25,0.04369,0.0207407
18.9356,0.956317,0.25,0.0442051,0.0200551
18.9608,0.955572,0.25,0.0447027,0.019345
18.9861,0.954819,0.25,0.0451819,0.0186103
19.0113,0.954059,0.25,0.0456424,0.0178512
19.0366,0.953291,0.25,0.0460833,0.0170676
19.0618,0.952515,0.25,0.0465042,0.0162596
19.0871,0.951734,0.25,0.0469043,0.015427
19.1124,0.950946,0.25,0.0472831,0.0145699
19.1376,0.950152,0.25,0.04764,0.0136884
19.1629,0.949352,0.25,0.0479742,0.0127824
19.1881,0.948547,0.25,0.0482853,0.0118519
19.2134,0.947738,0.25,0.0485726,0.0108968
19.2386,0.946924,0.25,0.0488355,0.00991736
19.2639,0.946106,0.25,0.0490733,0.00891338
19.2891,0.945285,0.25,0.0492854,0.00788491
19.3144,0.94446,0.25,0.0494713,0.00683196
19.3396,0.943633,0.25,0.0496303,0.00575451
19.3649,0.942804,0.25,0.0497617,0.00465259
19.3901,0.941972,0.25,0.049865,0.00352617
19.4154,0.94114,0.25,0.0499396,0.00237527
19.4406,0.940307,0.25,0.0499848,0.00119988
19.4659,0.939474,0.25,0.05,0
19.4659,0.939474,0.25,0.05,0
19.5424,0.935646,0.25,0.05,0
19.619,0.931818,0.25,0.05,0
19.6956,0.92799,0.25,0.05,0
19.7721,0.924163,0.25,0.05,0
19.8487,0.920335,0.25,0.05,0
19.9252,0.916507,0.25,0.05,0
20.0018,0.912679,0.25,0.05,0
20.0783,0.908852,0.25,0.05,0
20.1549,0.905024,0.25,0.05,0
20.2314,0.901196,0.25,0.05,0
20.308,0.897368,0.25,0.05,0
20.3845,0.893541,0.25,0.05,0
20.4611,0.889713,0.25,0.05,0
20.5377,0.885885,0.25,0.05,0
20.6142,0.882057,0.25,0.05,0
20.6908,0.87823,0.25,0.05,0
20.7673,0.874402,0.25,0.05,0
20.8439,0.870574,0.25,0.05,0
20.9204,0.866746,0.25,0.05,0
20.997,0.862919,0.25,0.05,0
21.0735,0.859091,0.25,0.05,0
21.1501,0.855263,0.25,0.05,0
21.2267,0.851435,0.25,0.05,0
21.3032,0.847608,0.25,0.05,0
21.3798,0.84378,0.25,0.05,0
21.4563,0.839952,0.25,0.05,0
21.5329,0.836124,0.25,0.05,0
21.6094,0.832297,0.25,0.05,0
21.686,0.828469,0.25,0.05,0
21.7625,0.824641,0.25,0.05,0
21.8391,0.820813,0.25,0.05,0
21.9156,0.816986,0.25,0.05,0
21.9922,0.813158,0.25,0.05,0
22.0688,0.80933,0.25,0.05,0
22.1453,0.805502,0.25,0.05,0
22.2219,0.801675,0.25,0.05,0
22.2984,0.797847,0.25,0.05,0
22.375,0.794019,0.25,0.05,0
22.4515,0.790191,0.25,0.05,0
22.5281,0.786364,0.25,0.05,0
22.6046,0.782536,0.25,0.05,0
22.6812,0.778708,0.25,0.05,0
22.7578,0.77488,0.25,0.05,0
22.8343,0.771053,0.25,0.05,0
22.9109,0.767225,0.25,0.05,0
22.9874,0.763397,0.25,0.05,0
23.064,0.759569,0.25,0.05,0
23.1405,0.755742,0.25,0.05,0
23.2171,0.751914,0.25,0.05,0
23.2936,0.748086,0.25,0.05,0
23.3702,0.744258,0.25,0.05,0
23.4467,0.740431,0.25,0.05,0
23.5233,0.736603,0.25,0.05,0
23.5999,0.732775,0.25,0.05,0
23.6764,0.728947,0.25,0.05,0
23.753,0.72512,0.25,0.05,0
23.8295,0.721292,0.25,0.05,0
23.9061,0.717464,0.25,0.05,0
23.9826,0.713636,0.25,0.05,0
24.0592,0.709809,0.25,0.05,0
24.1357,0.705981,0.25,0.05,0
24.2123,0.702153,0.25,0.05,0
24.2889,0.698325,0.25,0.05,0
24.3654,0.694498,0.25,0.05,0
24.442,0.69067,0.25,0.05,0
24.5185,0.686842,0.25,0.05,0
24.5951,0.683014,0.25,0.05,0
24.6716,0.679187,0.25,0.05,0
24.7482,0.675359,0.25,0.05,0
24.8247,0.671531,0.25,0.05,0
24.9013,0.667703,0.25,0.05,0
24.9778,0.663876,0.25,0.05,0
25.0544,0.660048,0.25,0.05,0
25.131,0.65622,0.25,0.05,0
25.2075,0.652392,0.25,0.05,0
25.2841,0.648565,0.25,0.05,0
25.3606,0.644737,0.25,0.05,0
25.4372,0.640909,0.25,0.05,0
25.5137,0.637081,0.25,0.05,0
25.5903,0.633254,0.25,0.05,0
25.6668,0.629426,0.25,0.05,0
25.7434,0.625598,0.25,0.05,0
25.82,0.62177,0.25,0.05,0
25.8965,0.617943,0.25,0.05,0
25.9731,0.614115,0.25,0.05,0
26.0496,0.610287,0.25,0.05,0
26.1262,0.606459,0.25,0.05,0
26.2027,0.602632,0.25,0.05,0
26.2793,0.598804,0.25,0.05,0
26.3558,0.594976,0.25,0.05,0
26.4324,0.591148,0.25,0.05,0
26.5089,0.587321,0.25,0.05,0
26.5855,0.583493,0.25,0.05,0
26.6621,0.579665,0.25,0.05,0
26.7386,0.575837,0.25,0.05,0
26.8152,0.57201,0.25,0.05,0
26.8917,0.568182,0.25,0.05,0
26.9683,0.564354,0.25,0.05,0
27.0448,0.560526,0.25,0.05,0
27.0448,0.559693,0.25,0.05,-0
27.0701,0.55886,0.25,0.0499848,-0.00119988
27.0953,0.558028,0.25,0.0499396,-0.00237527
27.1206,0.557196,0.25,0.049865,-0.00352617
27.1458,0.556367,0.25,0.0497617,-0.00465259
27.1711,0.55554,0.25,0.0496303,-0.00575451
27.1963,0.554715,0.25,0.0494713,-0.00683196
27.2216,0.553894,0.25,0.0492854,-0.00788491
27.2469,0.553076,0.25,0.0490733,-0.00891338
27.2721,0.552262,0.25,0.0488355,-0.00991736
27.2974,0.551453,0.25,0.0485726,-0.0108968
27.3226,0.550648,0.25,0.0482853,-0.0118519
27.3479,0.549848,0.25,0.0479742,-0.0127824
27.3731,0.549054,0.25,0.04764,-0.0136884
27.3984,0.548266,0.25,0.0472831,-0.0145699
27.4236,0.547485,0.25,0.0469043,-0.015427
27.4489,0.546709,0.25,0.0465042,-0.0162596
27.4741,0.545941,0.25,0.0460833,-0.0170676
27.4994,0.545181,0.25,0.0456424,-0.0178512
27.5246,0.544428,0.25,0.0451819,-0.0186103
27.5499,0.543683,0.25,0.0447027,-0.019345
27.5751,0.542946,0.25,0.0442051,-0.0200551
27.6004,0.542218,0.25,0.04369,-0.0207407
27.6256,0.541498,0.25,0.0431578,-0.0214019
27.6509,0.540788,0.25,0.0426093,-0.0220386
27.6761,0.540088,0.25,0.042045,-0.0226507
27.7014,0.539396,0.25,0.0414655,-0.0232384
27.7267,0.538715,0.25,0.0408715,-0.0238017
27.7519,0.538044,0.25,0.0402636,-0.0243404
27.7772,0.537383,0.25,0.0396424,-0.0248546
27.8024,0.536733,0.25,0.0390085,-0.0253444
27.8277,0.536094,0.25,0.0383626,-0.0258096
27.8529,0.535466,0.25,0.0377052,-0.0262504
27.8782,0.534848,0.25,0.037037,-0.0266667
27.9034,0.534242,0.25,0.0363586,-0.0270585
27.9287,0.533648,0.25,0.0356707,-0.0274258
27.9539,0.533065,0.25,0.0349737,-0.0277686
27.9792,0.532494,0.25,0.0342684,-0.0280869
28.0044,0.531934,0.25,0.0335554,-0.0283808
28.0297,0.531387,0.25,0.0328352,-0.0286501
28.0549,0.530852,0.25,0.0321086,-0.028895
28.0802,0.530329,0.25,0.0313761,-0.0291154
28.1054,0.529818,0.25,0.0306383,-0.0293113
28.1307,0.52932,0.25,0.0298959,-0.0294827
28.1559,0.528834,0.25,0.0291495,-0.0296296
28.1812,0.528361,0.25,0.0283997,-0.0297521
28.2065,0.5279,0.25,0.0276471,-0.02985
28.2317,0.527452,0.25,0.0268923,-0.0299235
28.257,0.527016,0.25,0.026136,-0.0299725
28.2822,0.526593,0.25,0.0253788,-0.0299969
28.3075,0.526183,0.25,0.0246212,-0.0299969
28.3327,0.525785,0.25,0.023864,-0.0299725
28.358,0.5254,0.25,0.0231077,-0.0299235
28.3832,0.525028,0.25,0.0223529,-0.02985
28.4085,0.524668,0.25,0.0216003,-0.0297521
28.4337,0.52432,0.25,0.0208505,-0.0296296
28.459,0.523985,0.25,0.0201041,-0.0294827
28.4842,0.523662,0.25,0.0193617,-0.0293113
28.5095,0.523352,0.25,0.0186239,-0.0291154
28.5347,0.523054,0.25,0.0178914,-0.028895
28.56,0.522768,0.25,0.0171648,-0.0286501
28.5852,0.522494,0.25,0.0164446,-0.0283808
28.6105,0.522232,0.25,0.0157316,-0.0280869
28.6357,0.521981,0.25,0.0150263,-0.0277686
28.661,0.521742,0.25,0.0143293,-0.0274258
28.6862,0.521515,0.25,0.0136414,-0.0270585
28.7115,0.521299,0.25,0.012963,-0.0266667
28.7368,0.521094,0.25,0.0122948,-0.0262504
28.762,0.5209,0.25,0.0116374,-0.0258096
28.7873,0.520717,0.25,0.0109915,-0.0253444
28.8125,0.520544,0.25,0.0103576,-0.0248546
28.8378,0.520382,0.25,0.00973638,-0.0243404
28.863,0.52023,0.25,0.00912847,-0.0238017
28.8883,0.520088,0.25,0.00853448,-0.0232384
28.9135,0.519955,0.25,0.00795502,-0.0226507
28.9388,0.519832,0.25,0.00739071,-0.0220386
28.964,0.519718,0.25,0.00684217,-0.0214019
28.9893,0.519613,0.25,0.00631001,-0.0207407
29.0145,0.519516,0.25,0.00579486,-0.0200551
29.0398,0.519428,0.25,0.00529734,-0.019345
29.065,0.519347,0.25,0.00481805,-0.0186103
29.0903,0.519275,0.25,0.00435763,-0.0178512
29.1155,0.519209,0.25,0.00391668,-0.0170676
29.1408,0.519151,0.25,0.00349583,-0.0162596
29.166,0.5191,0.25,0.0030957,-0.015427
29.1913,0.519054,0.25,0.00271689,-0.0145699
29.2166,0.519015,0.25,0.00236005,-0.0136884
29.2418,0.518981,0.25,0.00202577,-0.0127824
29.2671,0.518953,0.25,0.00171468,-0.0118519
29.2923,0.518929,0.25,0.0014274,-0.0108968
29.3176,0.518909,0.25,0.00116454,-0.00991736
29.3428,0.518894,0.25,0.000926725,-0.00891338
29.3681,0.518882,0.25,0.000714574,-0.00788491
29.3933,0.518873,0.25,0.000528703,-0.00683196
29.4186,0.518867,0.25,0.000369731,-0.00575451
29.4438,0.518863,0.25,0.000238277,-0.00465259
29.4691,0.518861,0.25,0.000134958,-0.00352617
29.4943,0.51886,0.25,6.03938e-05,-0.00237527
29.5196,0.51886,0.25,1.52015e-05,-0.00119988
29.5448,0.51886,0.25,0,-0
29.5448,0.51886,0.25,0,0
29.5891,0.51886,0.249999,6.83708e-05,0.00305436
29.6335,0.51886,0.249992,0.000267931,0.00592172
29.6778,0.51886,0.249973,0.000590478,0.00860593
29.7221,0.51886,0.249938,0.00102798,0.0111108
29.7664,0.51886,0.249881,0.00157259,0.0134403
29.8107,0.51886,0.249797,0.0022166,0.0155982
29.855,0.51886,0.249683,0.0029525,0.0175884
29.8993,0.51886,0.249534,0.00377295,0.0194147
29.9436,0.51886,0.249347,0.00467077,0.0210811
29.988,0.51886,0.249119,0.00563896,0.0225912
30.0323,0.51886,0.248847,0.00667067,0.0239491
30.0766,0.51886,0.248527,0.00775925,0.0251585
30.1209,0.51886,0.248158,0.0088982,0.0262233
30.1652,0.51886,0.247738,0.0100812,0.0271474
30.2095,0.51886,0.247264,0.0113021,0.0279346
30.2538,0.51886,0.246736,0.0125549,0.0285887
30.2981,0.51886,0.246151,0.0138339,0.0291138
30.3425,0.51886,0.245509,0.0151333,0.0295135
30.3868,0.51886,0.24481,0.0164477,0.0297917
30.4311,0.51886,0.244052,0.0177719,0.0299524
30.4754,0.51886,0.243235,0.0191006,0.0299993
30.5197,0.51886,0.242359,0.0204289,0.0299363
30.564,0.51886,0.241424,0.0217521,0.0297673
30.6083,0.51886,0.240431,0.0230655,0.0294961
30.6526,0.51886,0.23938,0.0243648,0.0291266
30.697,0.51886,0.238272,0.0256455,0.0286627
30.7413,0.51886,0.237108,0.0269037,0.0281081
30.7856,0.51886,0.235888,0.0281353,0.0274667
30.8299,0.51886,0.234615,0.0293367,0.0267425
30.8742,0.51886,0.233289,0.0305042,0.0259392
30.9185,0.51886,0.231912,0.0316344,0.0250608
30.9628,0.51886,0.230486,0.0327241,0.024111
31.0071,0.51886,0.229012,0.0337703,0.0230937
31.0515,0.51886,0.227494,0.0347699,0.0220128
31.0958,0.51886,0.225932,0.0357203,0.0208722
31.1401,0.51886,0.224329,0.0366189,0.0196757
31.1844,0.51886,0.222687,0.0374633,0.018427
31.2287,0.51886,0.221009,0.0382513,0.0171302
31.273,0.51886,0.219298,0.0389808,0.0157891
31.3173,0.51886,0.217555,0.03965,0.0144075
31.3616,0.51886,0.215785,0.0402571,0.0129892
31.406,0.51886,0.213989,0.0408006,0.0115382
31.4503,0.51886,0.21217,0.0412792,0.0100582
31.4946,0.51886,0.210331,0.0416917,0.00855323
31.5389,0.51886,0.208476,0.042037,0.00702702
31.5832,0.51886,0.206607,0.0423142,0.00548345
31.6275,0.51886,0.204727,0.0425227,0.00392639
31.6718,0.51886,0.202839,0.042662,0.00235969
31.7161,0.51886,0.200947,0.0427318,0.000787206
31.7605,0.51886,0.199053,0.0427318,-0.000787206
31.8048,0.51886,0.197161,0.042662,-0.00235969
31.8491,0.51886,0.195273,0.0425227,-0.00392639
31.8934,0.51886,0.193393,0.0423142,-0.00548345
31.9377,0.51886,0.191524,0.042037,-0.00702702
31.982,0.51886,0.189669,0.0416917,-0.00855323
32.0263,0.51886,0.18783,0.0412792,-0.0100582
32.0706,0.51886,0.186011,0.0408006,-0.0115382
32.115,0.51886,0.184215,0.0402571,-0.0129892
32.1593,0.51886,0.182445,0.03965,-0.0144075
32.2036,0.51886,0.180702,0.0389808,-0.0157891
32.2479,0.51886,0.178991,0.0382513,-0.0171302
32.2922,0.51886,0.177313,0.0374633,-0.018427
32.3365,0.51886,0.175671,0.0366189,-0.0196757
32.3808,0.51886,0.174068,0.0357203,-0.0208722
32.4251,0.51886,0.172506,0.0347699,-0.0220128
32.4695,0.51886,0.170988,0.0337703,-0.0230937
32.5138,0.51886,0.169514,0.0327241,-0.024111
32.5581,0.51886,0.168088,0.0316344,-0.0250608
32.6024,0.51886,0.166711,0.0305042,-0.0259392
32.6467,0.51886,0.165385,0.0293367,-0.0267425
32.691,0.51886,0.164112,0.0281353,-0.0274667
32.7353,0.51886,0.162892,0.0269037,-0.0281081
32.7796,0.51886,0.161728,0.0256455,-0.0286627
32.824,0.51886,0.16062,0.0243648,-0.0291266
32.8683,0.51886,0.159569,0.0230655,-0.0294961
32.9126,0.51886,0.158576,0.0217521,-0.0297673
32.9569,0.51886,0.157641,0.0204289,-0.0299363
33.0012,0.51886,0.156765,0.0191006,-0.0299993
33.0455,0.51886,0.155948,0.0177719,-0.0299524
33.0898,0.51886,0.15519,0.0164477,-0.0297917
33.1341,0.51886,0.154491,0.0151333,-0.0295135
33.1785,0.51886,0.153849,0.0138339,-0.0291138
33.2228,0.51886,0.153264,0.0125549,-0.0285887
33.2671,0.51886,0.152736,0.0113021,-0.0279346
33.3114,0.51886,0.152262,0.0100812,-0.0271474
33.3557,0.51886,0.151842,0.0088982,-0.0262233
33.4,0.51886,0.151473,0.00775925,-0.0251585
33.4443,0.51886,0.151153,0.00667067,-0.0239491
33.4886,0.51886,0.150881,0.00563896,-0.0225912
33.533,0.51886,0.150653,0.00467077,-0.0210811
33.5773,0.51886,0.150466,0.00377295,-0.0194147
33.6216,0.51886,0.150317,0.0029525,-0.0175884
33.6659,0.51886,0.150203,0.0022166,-0.0155982
33.7102,0.51886,0.150119,0.00157259,-0.0134403
33.7545,0.51886,0.150062,0.00102798,-0.0111108
33.7988,0.51886,0.150027,0.000590478,-0.00860593
33.8431,0.51886,0.150008,0.000267931,-0.00592172
33.8875,0.51886,0.150001,6.83708e-05,-0.00305436
33.9318,0.51886,0.15,0,0
33.9318,0.51886,0.15,0,0
33.957,0.51886,0.15,1.52015e-05,0.00119988
33.9823,0.518861,0.15,6.03938e-05,0.00237527
34.0075,0.518863,0.15,0.000134958,0.00352617
34.0328,0.518867,0.15,0.000238277,0.00465259
34.058,0.518873,0.15,0.000369731,0.00575451
34.0833,0.518882,0.15,0.000528703,0.00683196
34.1085,0.518894,0.15,0.000714574,0.00788491
34.1338,0.518909,0.15,0.000926725,0.00891338
34.159,0.518929,0.15,0.00116454,0.00991736
34.1843,0.518953,0.15,0.0014274,0.0108968
34.2096,0.518981,0.15,0.00171468,0.0118519
34.2348,0.519015,0.15,0.00202577,0.0127824
34.2601,0.519054,0.15,0.00236005,0.0136884
34.2853,0.5191,0.15,0.00271689,0.0145699
34.3106,0.519151,0.15,0.0030957,0.015427
34.3358,0.519209,0.15,0.00349583,0.0162596
34.3611,0.519275,0.15,0.00391668,0.0170676
34.3863,0.519347,0.15,0.00435763,0.0178512
34.4116,0.519428,0.15,0.00481805,0.0186103
34.4368,0.519516,0.15,0.00529734,0.019345
34.4621,0.519613,0.15,0.00579486,0.0200551
34.4873,0.519718,0.15,0.00631001,0.0207407
34.5126,0.519832,0.15,0.00684217,0.0214019
34.5378,0.519955,0.15,0.00739071,0.0220386
34.5631,0.520088,0.15,0.00795502,0.0226507
34.5883,0.52023,0.15,0.00853448,0.0232384
34.6136,0.520382,0.15,0.00912847,0.0238017
34.6388,0.520544,0.15,0.00973638,0.0243404
34.6641,0.520717,0.15,0.0103576,0.0248546
34.6894,0.5209,0.15,0.0109915,0.0253444
34.7146,0.521094,0.15,0.0116374,0.0258096
34.7399,0.521299,0.15,0.0122948,0.0262504
34.7651,0.521515,0.15,0.012963,0.0266667
34.7904,0.521742,0.15,0.0136414,0.0270585
34.8156,0.521981,0.15,0.0143293,0.0274258
34.8409,0.522232,0.15,0.0150263,0.0277686
34.8661,0.522494,0.15,0.0157316,0.0280869
34.8914,0.522768,0.15,0.0164446,0.0283808
34.9166,0.523054,0.15,0.0171648,0.0286501
34.9419,0.523352,0.15,0.0178914,0.028895
34.9671,0.523662,0.15,0.0186239,0.0291154
34.9924,0.523985,0.15,0.0193617,0.0293113
35.0176,0.52432,0.15,0.0201041,0.0294827
35.0429,0.524668,0.15,0.0208505,0.0296296
35.0681,0.525028,0.15,0.0216003,0.0297521
35.0934,0.5254,0.15,0.0223529,0.02985
35.1186,0.525785,0.15,0.0231077,0.0299235
35.1439,0.526183,0.15,0.023864,0.0299725
35.1691,0.526593,0.15,0.0246212,0.0299969
35.1944,0.527016,0.15,0.0253788,0.0299969
35.2197,0.527452,0.15,0.026136,0.0299725
35.2449,0.5279,0.15,0.0268923,0.0299235
35.2702,0.528361,0.15,0.0276471,0.02985
35.2954,0.528834,0.15,0.0283997,0.0297521
35.3207,0.52932,0.15,0.0291495,0.0296296
35.3459,0.529818,0.15,0.0298959,0.0294827
35.3712,0.530329,0.15,0.0306383,0.0293113
35.3964,0.530852,0.15,0.0313761,0.0291154
35.4217,0.531387,0.15,0.0321086,0.028895
35.4469,0.531934,0.15,0.0328352,0.0286501
35.4722,0.532494,0.15,0.0335554,0.0283808
35.4974,0.533065,0.15,0.0342684,0.0280869
35.5227,0.533648,0.15,0.0349737,0.0277686
35.5479,0.534242,0.15,0.0356707,0.0274258
35.5732,0.534848,0.15,0.0363586,0.0270585
35.5984,0.535466,0.15,0.037037,0.0266667
35.6237,0.536094,0.15,0.0377052,0.0262504
35.6489,0.536733,0.15,0.0383626,0.0258096
35.6742,0.537383,0.15,0.0390085,0.0253444
35.6995,0.538044,0.15,0.0396424,0.0248546
35.7247,0.538715,0.15,0.0402636,0.0243404
35.75,0.539396,0.15,0.0408715,0.0238017
35.7752,0.540088,0.15,0.0414655,0.0232384
35.8005,0.540788,0.15,0.042045,0.0226507
35.8257,0.541498,0.15,0.0426093,0.0220386
35.851,0.542218,0.15,0.0431578,0.0214019
35.8762,0.542946,0.15,0.04369,0.0207407
35.9015,0.543683,0.15,0.0442051,0.0200551
35.9267,0.544428,0.15,0.0447027,0.019345
35.952,0.545181,0.15,0.0451819,0.0186103
35.9772,0.545941,0.15,0.0456424,0.0178512
36.0025,0.546709,0.15,0.0460833,0.0170676
36.0277,0.547485,0.15,0.0465042,0.0162596
36.053,0.548266,0.15,0.0469043,0.015427
36.0782,0.549054,0.15,0.0472831,0.0145699
36.1035,0.549848,0.15,0.04764,0.0136884
36.1287,0.550648,0.15,0.0479742,0.0127824
36.154,0.551453,0.15,0.0482853,0.0118519
36.1792,0.552262,0.15,0.0485726,0.0108968
36.2045,0.553076,0.15,0.0488355,0.00991736
36.2298,0.553894,0.15,0.0490733,0.00891338
36.255,0.554715,0.15,0.0492854,0.00788491
36.2803,0.55554,0.15,0.0494713,0.00683196
36.3055,0.556367,0.15,0.0496303,0.00575451
36.3308,0.557196,0.15,0.0497617,0.00465259
36.356,0.558028,0.15,0.049865,0.00352617
36.3813,0.55886,0.15,0.0499396,0.00237527
36.4065,0.559693,0.15,0.0499848,0.00119988
36.4318,0.560526,0.15,0.05,0
36.4318,0.560526,0.15,0.05,0
36.5083,0.564354,0.15,0.05,0
36.5849,0.568182,0.15,0.05,0
36.6614,0.57201,0.15,0.05,0
36.738,0.575837,0.15,0.05,0
36.8145,0.579665,0.15,0.05,0
36.8911,0.583493,0.15,0.05,0
36.9677,0.587321,0.15,0.05,0
37.0442,0.591148,0.15,0.05,0
37.1208,0.594976,0.15,0.05,0
37.1973,0.598804,0.15,0.05,0
37.2739,0.602632,0.15,0.05,0
37.3504,0.606459,0.15,0.05,0
37.427,0.610287,0.15,0.05,0
37.5035,0.614115,0.15,0.05,0
37.5801,0.617943,0.15,0.05,0
37.6567,0.62177,0.15,0.05,0
37.7332,0.625598,0.15,0.05,0
37.8098,0.629426,0.15,0.05,0
37.8863,0.633254,0.15,0.05,0
37.9629,0.637081,0.15,0.05,0
38.0394,0.640909,0.15,0.05,0
38.116,0.644737,0.15,0.05,0
38.1925,0.648565,0.15,0.05,0
38.2691,0.652392,0.15,0.05,0
38.3457,0.65622,0.15,0.05,0
38.4222,0.660048,0.15,0.05,0
38.4988,0.663876,0.15,0.05,0
38.5753,0.667703,0.15,0.05,0
38.6519,0.671531,0.15,0.05,0
38.7284,0.675359,0.15,0.05,0
38.805,0.679187,0.15,0.05,0
38.8815,0.683014,0.15,0.05,0
38.9581,0.686842,0.15,0.05,0
39.0346,0.69067,0.15,0.05,0
39.1112,0.694498,0.15,0.05,0
39.1878,0.698325,0.15,0.05,0
39.2643,0.702153,0.15,0.05,0
39.3409,0.705981,0.15,0.05,0
39.4174,0.709809,0.15,0.05,0
39.494,0.713636,0.15,0.05,0
39.5705,0.717464,0.15,0.05,0
39.6471,0.721292,0.15,0.05,0
39.7236,0.72512,0.15,0.05,0
39.8002,0.728947,0.15,0.05,0
39.8768,0.732775,0.15,0.05,0
39.9533,0.736603,0.15,0.05,0
40.0299,0.740431,0.15,0.05,0
40.1064,0.744258,0.15,0.05,0
40.183,0.748086,0.15,0.05,0
40.2595,0.751914,0.15,0.05,0
40.3361,0.755742,0.15,0.05,0
40.4126,0.759569,0.15,0.05,0
40.4892,0.763397,0.15,0.05,0
40.5657,0.767225,0.15,0.05,0
40.6423,0.771053,0.15,0.05,0
40.7189,0.77488,0.15,0.05,0
40.7954,0.778708,0.15,0.05,0
40.872,0.782536,0.15,0.05,0
40.9485,0.786364,0.15,0.05,0
41.0251,0.790191,0.15,0.05,0
41.1016,0.794019,0.15,0.05,0
41.1782,0.797847,0.15,0.05,0
41.2547,0.801675,0.15,0.05,0
41.3313,0.805502,0.15,0.05,0
41.4079,0.80933,0.15,0.05,0
41.4844,0.813158,0.15,0.05,0
41.561,0.816986,0.15,0.05,0
41.6375,0.820813,0.15,0.05,0
41.7141,0.824641,0.15,0.05,0
41.7906,0.828469,0.15,0.05,0
41.8672,0.832297,0.15,0.05,0
41.9437,0.836124,0.15,0.05,0
42.0203,0.839952,0.15,0.05,0
42.0968,0.84378,0.15,0.05,0
42.1734,0.847608,0.15,0.05,0
42.25,0.851435,0.15,0.05,0
42.3265,0.855263,0.15,0.05,0
42.4031,0.859091,0.15,0.05,0
42.4796,0.862919,0.15,0.05,0
42.5562,0.866746,0.15,0.05,0
42.6327,0.870574,0.15,0.05,0
42.7093,0.874402,0.15,0.05,0
42.7858,0.87823,0.15,0.05,0
42.8624,0.882057,0.15,0.05,0
42.939,0.885885,0.15,0.05,0
43.0155,0.889713,0.15,0.05,0
43.0921,0.893541,0.15,0.05,0
43.1686,0.897368,0.15,0.05,0
43.2452,0.901196,0.15,0.05,0
43.3217,0.905024,0.15,0.05,0
43.3983,0.908852,0.15,0.05,0
43.4748,0.912679,0.15,0.05,0
43.5514,0.916507,0.15,0.05,0
43.6279,0.920335,0.15,0.05,0
43.7045,0.924163,0.15,0.05,0
43.7811,0.92799,0.15,0.05,0
43.8576,0.931818,0.15,0.05,0
43.9342,0.935646,0.15,0.05,0
44.0107,0.939474,0.15,0.05,0
44.0107,0.940307,0.15,0.05,-0
44.036,0.94114,0.15,0.0499848,-0.00119988
44.0612,0.941972,0.15,0.0499396,-0.00237527
44.0865,0.942804,0.15,0.049865,-0.00352617
44.1117,0.943633,0.15,0.0497617,-0.00465259
44.137,0.94446,0.15,0.0496303,-0.00575451
44.1622,0.945285,0.15,0.0494713,-0.00683196
44.1875,0.946106,0.15,0.0492854,-0.00788491
44.2127,0.946924,0.15,0.0490733,-0.00891338
44.238,0.947738,0.15,0.0488355,-0.00991736
44.2632,0.948547,0.15,0.0485726,-0.0108968
44.2885,0.949352,0.15,0.0482853,-0.0118519
44.3138,0.950152,0.15,0.0479742,-0.0127824
44.339,0.950946,0.15,0.04764,-0.0136884
44.3643,0.951734,0.15,0.0472831,-0.0145699
44.3895,0.952515,0.15,0.0469043,-0.015427
44.4148,0.953291,0.15,0.0465042,-0.0162596
44.44,0.954059,0.15,0.0460833,-0.0170676
44.4653,0.954819,0.15,0.0456424,-0.0178512
44.4905,0.955572,0.15,0.0451819,-0.0186103
44.5158,0.956317,0.15,0.0447027,-0.019345
44.541,0.957054,0.15,0.0442051,-0.0200551
44.5663,0.957782,0.15,0.04369,-0.0207407
44.5915,0.958502,0.15,0.0431578,-0.0214019
44.6168,0.959212,0.15,0.0426093,-0.0220386
44.642,0.959912,0.15,0.042045,-0.0226507
44.6673,0.960604,0.15,0.0414655,-0.0232384
44.6925,0.961285,0.15,0.0408715,-0.0238017
44.7178,0.961956,0.15,0.0402636,-0.0243404
44.743,0.962617,0.15,0.0396424,-0.0248546
44.7683,0.963267,0.15,0.0390085,-0.0253444
44.7936,0.963906,0.15,0.0383626,-0.0258096
44.8188,0.964534,0.15,0.0377052,-0.0262504
44.8441,0.965152,0.15,0.037037,-0.0266667
44.8693,0.965758,0.15,0.0363586,-0.0270585
44.8946,0.966352,0.15,0.0356707,-0.0274258
44.9198,0.966935,0.15,0.0349737,-0.0277686
44.9451,0.967506,0.15,0.0342684,-0.0280869
44.9703,0.968066,0.15,0.0335554,-0.0283808
44.9956,0.968613,0.15,0.0328352,-0.0286501
45.0208,0.969148,0.15,0.0321086,-0.028895
45.0461,0.969671,0.15,0.0313761,-0.0291154
45.0713,0.970182,0.15,0.0306383,-0.0293113
45.0966,0.97068,0.15,0.0298959,-0.0294827
45.1218,0.971166,0.15,0.0291495,-0.0296296
45.1471,0.971639,0.15,0.0283997,-0.0297521
45.1723,0.9721,0.15,0.0276471,-0.02985
45.1976,0.972548,0.15,0.0268923,-0.0299235
45.2228,0.972984,0.15,0.026136,-0.0299725
45.2481,0.973407,0.15,0.0253788,-0.0299969
45.2733,0.973817,0.15,0.0246212,-0.0299969
45.2986,0.974215,0.15,0.023864,-0.0299725
45.3239,0.9746,0.15,0.0231077,-0.0299235
45.3491,0.974972,0.15,0.0223529,-0.02985
45.3744,0.975332,0.15,0.0216003,-0.0297521
45.3996,0.97568,0.15,0.0208505,-0.0296296
45.4249,0.976015,0.15,0.0201041,-0.0294827
45.4501,0.976338,0.15,0.0193617,-0.0293113
45.4754,0.976648,0.15,0.0186239,-0.0291154
45.5006,0.976946,0.15,0.0178914,-0.028895
45.5259,0.977232,0.15,0.0171648,-0.0286501
45.5511,0.977506,0.15,0.0164446,-0.0283808
45.5764,0.977768,0.15,0.0157316,-0.0280869
45.6016,0.978019,0.15,0.0150263,-0.0277686
45.6269,0.978258,0.15,0.0143293,-0.0274258
45.6521,0.978485,0.15,0.0136414,-0.0270585
45.6774,0.978701,0.15,0.012963,-0.0266667
45.7026,0.978906,0.15,0.0122948,-0.0262504
45.7279,0.9791,0.15,0.0116374,-0.0258096
45.7531,0.979283,0.15,0.0109915,-0.0253444
45.7784,0.979456,0.15,0.0103576,-0.0248546
45.8037,0.979618,0.15,0.00973638,-0.0243404
45.8289,0.97977,0.15,0.00912847,-0.0238017
45.8542,0.979912,0.15,0.00853448,-0.0232384
45.8794,0.980045,0.15,0.00795502,-0.0226507
45.9047,0.980168,0.15,0.00739071,-0.0220386
45.9299,0.980282,0.15,0.00684217,-0.0214019
45.9552,0.980387,0.15,0.00631001,-0.0207407
45.9804,0.980484,0.15,0.00579486,-0.0200551
46.0057,0.980572,0.15,0.00529734,-0.019345
46.0309,0.980653,0.15,0.00481805,-0.0186103
46.0562,0.980725,0.15,0.00435763,-0.0178512
46.0814,0.980791,0.15,0.00391668,-0.0170676
46.1067,0.980849,0.15,0.00349583,-0.0162596
46.1319,0.9809,0.15,0.0030957,-0.015427
46.1572,0.980946,0.15,0.00271689,-0.0145699
46.1824,0.980985,0.15,0.00236005,-0.0136884
46.2077,0.981019,0.15,0.00202577,-0.0127824
46.2329,0.981047,0.15,0.00171468,-0.0118519
46.2582,0.981071,0.15,0.0014274,-0.0108968
46.2834,0.981091,0.15,0.00116454,-0.00991736
46.3087,0.981106,0.15,0.000926725,-0.00891338
46.334,0.981118,0.15,0.000714574,-0.00788491
46.3592,0.981127,0.15,0.000528703,-0.00683196
46.3845,0.981133,0.15,0.000369731,-0.00575451
46.4097,0.981137,0.15,0.000238277,-0.00465259
46.435,0.981139,0.15,0.000134958,-0.00352617
46.4602,0.98114,0.15,6.03938e-05,-0.00237527
46.4855,0.98114,0.15,1.52015e-05,-0.00119988
46.5107,0.98114,0.15,0,-0
46.5107,0.98114,0.15,0,0
46.555,0.98114,0.149999,6.83708e-05,0.00305436
46.5993,0.98114,0.149992,0.000267931,0.00592172
46.6437,0.98114,0.149973,0.000590478,0.00860593
46.688,0.98114,0.149938,0.00102798,0.0111108
46.7323,0.98114,0.149881,0.00157259,0.0134403
46.7766,0.98114,0.149797,0.0022166,0.0155982
46.8209,0.98114,0.149683,0.0029525,0.0175884
46.8652,0.98114,0.149534,0.00377295,0.0194147
46.9095,0.98114,0.149347,0.00467077,0.0210811
46.9538,0.98114,0.149119,0.00563896,0.0225912
46.9982,0.98114,0.148847,0.00667067,0.0239491
47.0425,0.98114,0.148527,0.00775925,0.0251585
47.0868,0.98114,0.148158,0.0088982,0.0262233
47.1311,0.98114,0.147738,0.0100812,0.0271474
47.1754,0.98114,0.147264,0.0113021,0.0279346
47.2197,0.98114,0.146736,0.0125549,0.0285887
47.264,0.98114,0.146151,0.0138339,0.0291138
47.3083,0.98114,0.145509,0.0151333,0.0295135
47.3527,0.98114,0.14481,0.0164477,0.0297917
47.397,0.98114,0.144052,0.0177719,0.0299524
47.4413,0.98114,0.143235,0.0191006,0.0299993
47.4856,0.98114,0.142359,0.0204289,0.0299363
47.5299,0.98114,0.141424,0.0217521,0.0297673
47.5742,0.98114,0.140431,0.0230655,0.0294961
47.6185,0.98114,0.13938,0.0243648,0.0291266
47.6628,0.98114,0.138272,0.0256455,0.0286627
47.7072,0.98114,0.137108,0.0269037,0.0281081
47.7515,0.98114,0.135888,0.0281353,0.0274667
47.7958,0.98114,0.134615,0.0293367,0.0267425
47.8401,0.98114,0.133289,0.0305042,0.0259392
47.8844,0.98114,0.131912,0.0316344,0.0250608
47.9287,0.98114,0.130486,0.0327241,0.024111
47.973,0.98114,0.129012,0.0337703,0.0230937
48.0173,0.98114,0.127494,0.0347699,0.0220128
48.0617,0.98114,0.125932,0.0357203,0.0208722
48.106,0.98114,0.124329,0.0366189,0.0196757
48.1503,0.98114,0.122687,0.0374633,0.018427
48.1946,0.98114,0.121009,0.0382513,0.0171302
48.2389,0.98114,0.119298,0.0389808,0.0157891
48.2832,0.98114,0.117555,0.03965,0.0144075
48.3275,0.98114,0.115785,0.0402571,0.0129892
48.3718,0.98114,0.113989,0.0408006,0.0115382
48.4162,0.98114,0.11217,0.0412792,0.0100582
48.4605,0.98114,0.110331,0.0416917,0.00855323
48.5048,0.98114,0.108476,0.042037,0.00702702
48.5491,0.98114,0.106607,0.0423142,0.00548345
48.5934,0.98114,0.104727,0.0425227,0.00392639
48.6377,0.98114,0.102839,0.042662,0.00235969
48.682,0.98114,0.100947,0.0427318,0.000787206
48.7263,0.98114,0.0990531,0.0427318,-0.000787206
48.7707,0.98114,0.0971608,0.042662,-0.00235969
48.815,0.98114,0.0952732,0.0425227,-0.00392639
48.8593,0.98114,0.0933933,0.0423142,-0.00548345
48.9036,0.98114,0.0915241,0.042037,-0.00702702
48.9479,0.98114,0.0896687,0.0416917,-0.00855323
48.9922,0.98114,0.0878302,0.0412792,-0.0100582
49.0365,0.98114,0.0860114,0.0408006,-0.0115382
49.0808,0.98114,0.0842152,0.0402571,-0.0129892
49.1252,0.98114,0.0824445,0.03965,-0.0144075
49.1695,0.98114,0.0807021,0.0389808,-0.0157891
49.2138,0.98114,0.0789907,0.0382513,-0.0171302
49.2581,0.98114,0.077313,0.0374633,-0.018427
49.3024,0.98114,0.0756714,0.0366189,-0.0196757
49.3467,0.98114,0.0740684,0.0357203,-0.0208722
49.391,0.98114,0.0725064,0.0347699,-0.0220128
49.4353,0.98114,0.0709877,0.0337703,-0.0230937
49.4797,0.98114,0.0695142,0.0327241,-0.024111
49.524,0.98114,0.0680881,0.0316344,-0.0250608
49.5683,0.98114,0.0667112,0.0305042,-0.0259392
49.6126,0.98114,0.0653852,0.0293367,-0.0267425
49.6569,0.98114,0.0641118,0.0281353,-0.0274667
49.7012,0.98114,0.0628922,0.0269037,-0.0281081
49.7455,0.98114,0.0617278,0.0256455,-0.0286627
49.7898,0.98114,0.0606197,0.0243648,-0.0291266
49.8342,0.98114,0.0595688,0.0230655,-0.0294961
49.8785,0.98114,0.0585757,0.0217521,-0.0297673
49.9228,0.98114,0.0576411,0.0204289,-0.0299363
49.9671,0.98114,0.0567653,0.0191006,-0.0299993
50.0114,0.98114,0.0559483,0.0177719,-0.0299524
50.0557,0.98114,0.0551902,0.0164477,-0.0297917
50.1,0.98114,0.0544905,0.0151333,-0.0295135
50.1443,0.98114,0.0538488,0.0138339,-0.0291138
50.1887,0.98114,0.0532642,0.0125549,-0.0285887
50.233,0.98114,0.0527357,0.0113021,-0.0279346
50.2773,0.98114,0.052262,0.0100812,-0.0271474
50.3216,0.98114,0.0518417,0.0088982,-0.0262233
50.3659,0.98114,0.0514728,0.00775925,-0.0251585
50.4102,0.98114,0.0511533,0.00667067,-0.0239491
50.4545,0.98114,0.0508808,0.00563896,-0.0225912
50.4988,0.98114,0.0506526,0.00467077,-0.0210811
50.5432,0.98114,0.0504658,0.00377295,-0.0194147
50.5875,0.98114,0.0503171,0.0029525,-0.0175884
50.6318,0.98114,0.0502029,0.0022166,-0.0155982
50.6761,0.98114,0.0501193,0.00157259,-0.0134403
50.7204,0.98114,0.050062,0.00102798,-0.0111108
50.7647,0.98114,0.0500266,0.000590478,-0.00860593
50.809,0.98114,0.050008,0.000267931,-0.00592172
50.8533,0.98114,0.050001,6.83708e-05,-0.00305436
50.8977,0.98114,0.05,0,0
50.8977,0.98114,0.05,0,0
50.9229,0.98114,0.05,1.52015e-05,0.00119988
50.9482,0.981139,0.05,6.03938e-05,0.00237527
50.9734,0.981137,0.05,0.000134958,0.00352617
50.9987,0.981133,0.05,0.000238277,0.00465259
51.0239,0.981127,0.05,0.000369731,0.00575451
51.0492,0.981118,0.05,0.000528703,0.00683196
51.0744,0.981106,0.05,0.000714574,0.00788491
51.0997,0.981091,0.05,0.000926725,0.00891338
51.1249,0.981071,0.05,0.00116454,0.00991736
51.1502,0.981047,0.05,0.0014274,0.0108968
51.1754,0.981019,0.05,0.00171468,0.0118519
51.2007,0.980985,0.05,0.00202577,0.0127824
51.2259,0.980946,0.05,0.00236005,0.0136884
51.2512,0.9809,0.05,0.00271689,0.0145699
51.2764,0.980849,0.05,0.0030957,0.015427
51.3017,0.980791,0.05,0.00349583,0.0162596
51.327,0.980725,0.05,0.00391668,0.0170676
51.3522,0.980653,0.05,0.00435763,0.0178512
51.3775,0.980572,0.05,0.00481805,0.0186103
51.4027,0.980484,0.05,0.00529734,0.019345
51.428,0.980387,0.05,0.00579486,0.0200551
51.4532,0.980282,0.05,0.00631001,0.0207407
51.4785,0.980168,0.05,0.00684217,0.0214019
51.5037,0.980045,0.05,0.00739071,0.0220386
51.529,0.979912,0.05,0.00795502,0.0226507
51.5542,0.97977,0.05,0.00853448,0.0232384
51.5795,0.979618,0.05,0.00912847,0.0238017
51.6047,0.979456,0.05,0.00973638,0.0243404
51.63,0.979283,0.05,0.0103576,0.0248546
51.6552,0.9791,0.05,0.0109915,0.0253444
51.6805,0.978906,0.05,0.0116374,0.0258096
51.7057,0.978701,0.05,0.0122948,0.0262504
51.731,0.978485,0.05,0.012963,0.0266667
51.7562,0.978258,0.05,0.0136414,0.0270585
51.7815,0.978019,0.05,0.0143293,0.0274258
51.8068,0.977768,0.05,0.0150263,0.0277686
51.832,0.977506,0.05,0.0157316,0.0280869
51.8573,0.977232,0.05,0.0164446,0.0283808
51.8825,0.976946,0.05,0.0171648,0.0286501
51.9078,0.976648,0.05,0.0178914,0.028895
51.933,0.976338,0.05,0.0186239,0.0291154
51.9583,0.976015,0.05,0.0193617,0.0293113
51.9835,0.97568,0.05,0.0201041,0.0294827
52.0088,0.975332,0.05,0.0208505,0.0296296
52.034,0.974972,0.05,0.0216003,0.0297521
52.0593,0.9746,0.05,0.0223529,0.02985
52.0845,0.974215,0.05,0.0231077,0.0299235
52.1098,0.973817,0.05,0.023864,0.0299725
52.135,0.973407,0.05,0.0246212,0.0299969
52.1603,0.972984,0.05,0.0253788,0.0299969
52.1855,0.972548,0.05,0.026136,0.0299725
52.2108,0.9721,0.05,0.0268923,0.0299235
52.236,0.971639,0.05,0.0276471,0.02985
52.2613,0.971166,0.05,0.0283997,0.0297521
52.2866,0.97068,0.05,0.0291495,0.0296296
52.3118,0.970182,0.05,0.0298959,0.0294827
52.3371,0.969671,0.05,0.0306383,0.0293113
52.3623,0.969148,0.05,0.0313761,0.0291154
52.3876,0.968613,0.05,0.0321086,0.028895
52.4128,0.968066,0.05,0.0328352,0.0286501
52.4381,0.967506,0.05,0.0335554,0.0283808
52.4633,0.966935,0.05,0.0342684,0.0280869
52.4886,0.966352,0.05,0.0349737,0.0277686
52.5138,0.965758,0.05,0.0356707,0.0274258
52.5391,0.965152,0.05,0.0363586,0.0270585
52.5643,0.964534,0.05,0.037037,0.0266667
52.5896,0.963906,0.05,0.0377052,0.0262504
52.6148,0.963267,0.05,0.0383626,0.0258096
52.6401,0.962617,0.05,0.0390085,0.0253444
52.6653,0.961956,0.05,0.0396424,0.0248546
52.6906,0.961285,0.05,0.0402636,0.0243404
52.7158,0.960604,0.05,0.0408715,0.0238017
52.7411,0.959912,0.05,0.0414655,0.0232384
52.7663,0.959212,0.05,0.042045,0.0226507
52.7916,0.958502,0.05,0.0426093,0.0220386
52.8169,0.957782,0.05,0.0431578,0.0214019
52.8421,0.957054,0.05,0.04369,0.0207407
52.8674,0.956317,0.05,0.0442051,0.0200551
52.8926,0.955572,0.05,0.0447027,0.019345
52.9179,0.954819,0.05,0.0451819,0.0186103
52.9431,0.954059,0.05,0.0456424,0.0178512
52.9684,0.953291,0.05,0.0460833,0.0170676
52.9936,0.952515,0.05,0.0465042,0.0162596
53.0189,0.951734,0.05,0.0469043,0.015427
53.0441,0.950946,0.05,0.0472831,0.0145699
53.0694,0.950152,0.05,0.04764,0.0136884
53.0946,0.949352,0.05,0.0479742,0.0127824
53.1199,0.948547,0.05,0.0482853,0.0118519
53.1451,0.947738,0.05,0.0485726,0.0108968
53.1704,0.946924,0.05,0.0488355,0.00991736
53.1956,0.946106,0.05,0.0490733,0.00891338
53.2209,0.945285,0.05,0.0492854,0.00788491
53.2461,0.94446,0.05,0.0494713,0.00683196
53.2714,0.943633,0.05,0.0496303,0.00575451
53.2967,0.942804,0.05,0.0497617,0.00465259
53.3219,0.941972,0.05,0.049865,0.00352617
53.3472,0.94114,0.05,0.0499396,0.00237527
53.3724,0.940307,0.05,0.0499848,0.00119988
53.3977,0.939474,0.05,0.05,0
53.3977,0.939474,0.05,0.05,0
53.4742,0.935646,0.05,0.05,0
53.5508,0.931818,0.05,0.05,0
53.6273,0.92799,0.05,0.05,0
53.7039,0.924163,0.05,0.05,0
53.7804,0.920335,0.05,0.05,0
53.857,0.916507,0.05,0.05,0
53.9335,0.912679,0.05,0.05,0
54.0101,0.908852,0.05,0.05,0
54.0867,0.905024,0.05,0.05,0
54.1632,0.901196,0.05,0.05,0
54.2398,0.897368,0.05,0.05,0
54.3163,0.893541,0.05,0.05,0
54.3929,0.889713,0.05,0.05,0
54.4694,0.885885,0.05,0.05,0
54.546,0.882057,0.05,0.05,0
54.6225,0.87823,0.05,0.05,0
54.6991,0.874402,0.05,0.05,0
54.7757,0.870574,0.05,0.05,0
54.8522,0.866746,0.05,0.05,0
54.9288,0.862919,0.05,0.05,0
55.0053,0.859091,0.05,0.05,0
55.0819,0.855263,0.05,0.05,0
55.1584,0.851435,0.05,0.05,0
55.235,0.847608,0.05,0.05,0
55.3115,0.84378,0.05,0.05,0
55.3881,0.839952,0.05,0.05,0
55.4646,0.836124,0.05,0.05,0
55.5412,0.832297,0.05,0.05,0
55.6178,0.828469,0.05,0.05,0
55.6943,0.824641,0.05,0.05,0
55.7709,0.820813,0.05,0.05,0
55.8474,0.816986,0.05,0.05,0
55.924,0.813158,0.05,0.05,0
56.0005,0.80933,0.05,0.05,0
56.0771,0.805502,0.05,0.05,0
56.1536,0.801675,0.05,0.05,0
56.2302,0.797847,0.05,0.05,0
56.3068,0.794019,0.05,0.05,0
56.3833,0.790191,0.05,0.05,0
56.4599,0.786364,0.05,0.05,0
56.5364,0.782536,0.05,0.05,0
56.613,0.778708,0.05,0.05,0
56.6895,0.77488,0.05,0.05,0
56.7661,0.771053,0.05,0.05,0
56.8426,0.767225,0.05,0.05,0
56.9192,0.763397,0.05,0.05,0
56.9957,0.759569,0.05,0.05,0
57.0723,0.755742,0.05,0.05,0
57.1489,0.751914,0.05,0.05,0
57.2254,0.748086,0.05,0.05,0
57.302,0.744258,0.05,0.05,0
57.3785,0.740431,0.05,0.05,0
57.4551,0.736603,0.05,0.05,0
57.5316,0.732775,0.05,0.05,0
57.6082,0.728947,0.05,0.05,0
57.6847,0.72512,0.05,0.05,0
57.7613,0.721292,0.05,0.05,0
57.8379,0.717464,0.05,0.05,0
57.9144,0.713636,0.05,0.05,0
57.991,0.709809,0.05,0.05,0
58.0675,0.705981,0.05,0.05,0
58.1441,0.702153,0.05,0.05,0
58.2206,0.698325,0.05,0.05,0
58.2972,0.694498,0.05,0.05,0
58.3737,0.69067,0.05,0.05,0
58.4503,0.686842,0.05,0.05,0
58.5268,0.683014,0.05,0.05,0
58.6034,0.679187,0.05,0.05,0
58.68,0.675359,0.05,0.05,0
58.7565,0.671531,0.05,0.05,0
58.8331,0.667703,0.05,0.05,0
58.9096,0.663876,0.05,0.05,0
58.9862,0.660048,0.05,0.05,0
59.0627,0.65622,0.05,0.05,0
59.1393,0.652392,0.05,0.05,0
59.2158,0.648565,0.05,0.05,0
59.2924,0.644737,0.05,0.05,0
59.369,0.640909,0.05,0.05,0
59.4455,0.637081,0.05,0.05,0
59.5221,0.633254,0.05,0.05,0
59.5986,0.629426,0.05,0.05,0
59.6752,0.625598,0.05,0.05,0
59.7517,0.62177,0.05,0.05,0
59.8283,0.617943,0.05,0.05,0
59.9048,0.614115,0.05,0.05,0
59.9814,0.610287,0.05,0.05,0
60.0579,0.606459,0.05,0.05,0
60.1345,0.602632,0.05,0.05,0
60.2111,0.598804,0.05,0.05,0
60.2876,0.594976,0.05,0.05,0
60.3642,0.591148,0.05,0.05,0
60.4407,0.587321,0.05,0.05,0
60.5173,0.583493,0.05,0.05,0
60.5938,0.579665,0.05,0.05,0
60.6704,0.575837,0.05,0.05,0
60.7469,0.57201,0.05,0.05,0
60.8235,0.568182,0.05,0.05,0
60.9001,0.564354,0.05,0.05,0
60.9766,0.560526,0.05,0.05,0
60.9766,0.559693,0.05,0.05,-0
61.0019,0.55886,0.05,0.0499848,-0.00119988
61.0271,0.558028,0.05,0.0499396,-0.00237527
61.0524,0.557196,0.05,0.049865,-0.00352617
61.0776,0.556367,0.05,0.0497617,-0.00465259
61.1029,0.55554,0.05,0.0496303,-0.00575451
61.1281,0.554715,0.05,0.0494713,-0.00683196
61.1534,0.553894,0.05,0.0492854,-0.00788491
61.1786,0.553076,0.05,0.0490733,-0.00891338
61.2039,0.552262,0.05,0.0488355,-0.00991736
61.2291,0.551453,0.05,0.0485726,-0.0108968
61.2544,0.550648,0.05,0.0482853,-0.0118519
61.2796,0.549848,0.05,0.0479742,-0.0127824
61.3049,0.549054,0.05,0.04764,-0.0136884
61.3301,0.548266,0.05,0.0472831,-0.0145699
61.3554,0.547485,0.05,0.0469043,-0.015427
61.3806,0.546709,0.05,0.0465042,-0.0162596
61.4059,0.545941,0.05,0.0460833,-0.0170676
61.4312,0.545181,0.05,0.0456424,-0.0178512
61.4564,0.544428,0.05,0.0451819,-0.0186103
61.4817,0.543683,0.05,0.0447027,-0.019345
61.5069,0.542946,0.05,0.0442051,-0.0200551
61.5322,0.542218,0.05,0.04369,-0.0207407
61.5574,0.541498,0.05,0.0431578,-0.0214019
61.5827,0.540788,0.05,0.0426093,-0.0220386
61.6079,0.540088,0.05,0.042045,-0.0226507
61.6332,0.539396,0.05,0.0414655,-0.0232384
61.6584,0.538715,0.05,0.0408715,-0.0238017
61.6837,0.538044,0.05,0.0402636,-0.0243404
61.7089,0.537383,0.05,0.0396424,-0.0248546
61.7342,0.536733,0.05,0.0390085,-0.0253444
61.7594,0.536094,0.05,0.0383626,-0.0258096
61.7847,0.535466,0.05,0.0377052,-0.0262504
61.8099,0.534848,0.05,0.037037,-0.0266667
61.8352,0.534242,0.05,0.0363586,-0.0270585
61.8604,0.533648,0.05,0.0356707,-0.0274258
61.8857,0.533065,0.05,0.0349737,-0.0277686
61.911,0.532494,0.05,0.0342684,-0.0280869
61.9362,0.531934,0.05,0.0335554,-0.0283808
61.9615,0.531387,0.05,0.0328352,-0.0286501
61.9867,0.530852,0.05,0.0321086,-0.028895
62.012,0.530329,0.05,0.0313761,-0.0291154
62.0372,0.529818,0.05,0.0306383,-0.0293113
62.0625,0.52932,0.05,0.0298959,-0.0294827
62.0877,0.528834,0.05,0.0291495,-0.0296296
62.113,0.528361,0.05,0.0283997,-0.0297521
62.1382,0.5279,0.05,0.0276471,-0.02985
62.1635,0.527452,0.05,0.0268923,-0.0299235
62.1887,0.527016,0.05,0.026136,-0.0299725
62.214,0.526593,0.05,0.0253788,-0.0299969
62.2392,0.526183,0.05,0.0246212,-0.0299969
62.2645,0.525785,0.05,0.023864,-0.0299725
62.2897,0.5254,0.05,0.0231077,-0.0299235
62.315,0.525028,0.05,0.0223529,-0.02985
62.3402,0.524668,0.05,0.0216003,-0.0297521
62.3655,0.52432,0.05,0.0208505,-0.0296296
62.3908,0.523985,0.05,0.0201041,-0.0294827
62.416,0.523662,0.05,0.0193617,-0.0293113
62.4413,0.523352,0.05,0.0186239,-0.0291154
62.4665,0.523054,0.05,0.0178914,-0.028895
62.4918,0.522768,0.05,0.0171648,-0.0286501
62.517,0.522494,0.05,0.0164446,-0.0283808
62.5423,0.522232,0.05,0.0157316,-0.0280869
62.5675,0.521981,0.05,0.0150263,-0.0277686
62.5928,0.521742,0.05,0.0143293,-0.0274258
62.618,0.521515,0.05,0.0136414,-0.0270585
62.6433,0.521299,0.05,0.012963,-0.0266667
62.6685,0.521094,0.05,0.0122948,-0.0262504
62.6938,0.5209,0.05,0.0116374,-0.0258096
62.719,0.520717,0.05,0.0109915,-0.0253444
62.7443,0.520544,0.05,0.0103576,-0.0248546
62.7695,0.520382,0.05,0.00973638,-0.0243404
62.7948,0.52023,0.05,0.00912847,-0.0238017
62.82,0.520088,0.05,0.00853448,-0.0232384
62.8453,0.519955,0.05,0.00795502,-0.0226507
62.8705,0.519832,0.05,0.00739071,-0.0220386
62.8958,0.519718,0.05,0.00684217,-0.0214019
62.9211,0.519613,0.05,0.00631001,-0.0207407
62.9463,0.519516,0.05,0.00579486,-0.0200551
62.9716,0.519428,0.05,0.00529734,-0.019345
62.9968,0.519347,0.05,0.00481805,-0.0186103
63.0221,0.519275,0.05,0.00435763,-0.0178512
63.0473,0.519209,0.05,0.00391668,-0.0170676
63.0726,0.519151,0.05,0.00349583,-0.0162596
63.0978,0.5191,0.05,0.0030957,-0.015427
63.1231,0.519054,0.05,0.00271689,-0.0145699
63.1483,0.519015,0.05,0.00236005,-0.0136884
63.1736,0.518981,0.05,0.00202577,-0.0127824
63.1988,0.518953,0.05,0.00171468,-0.0118519
63.2241,0.518929,0.05,0.0014274,-0.0108968
63.2493,0.518909,0.05,0.00116454,-0.00991736
63.2746,0.518894,0.05,0.000926725,-0.00891338
63.2998,0.518882,0.05,0.000714574,-0.00788491
63.3251,0.518873,0.05,0.000528703,-0.00683196
63.3503,0.518867,0.05,0.000369731,-0.00575451
63.3756,0.518863,0.05,0.000238277,-0.00465259
63.4009,0.518861,0.05,0.000134958,-0.00352617
63.4261,0.51886,0.05,6.03938e-05,-0.00237527
63.4514,0.51886,0.05,1.52015e-05,-0.00119988
63.4766,0.51886,0.05,0,-0
